"","aov.tab.Df","aov.tab.SumsOfSqs","aov.tab.MeanSqs","aov.tab.F.Model","aov.tab.R2","aov.tab.Pr..F."
"intdist$clim",4,26.112978786698,6.52824469667451,63.2277904371876,0.585562921608108,0.001
"Residuals",179,18.4816801698237,0.103249609887283,NA,0.414437078391892,NA
"Total",183,44.5946589565217,NA,NA,1,NA
