"","aov.tab.Df","aov.tab.SumsOfSqs","aov.tab.MeanSqs","aov.tab.F.Model","aov.tab.R2","aov.tab.Pr..F."
"intdist$clim",4,26.1189119861223,6.52972799653057,63.4493973973157,0.586411744645168,0.001
"Residuals",179,18.4213146117038,0.102912372132423,NA,0.413588255354832,NA
"Total",183,44.5402265978261,NA,NA,1,NA
