"","aov.tab.Df","aov.tab.SumsOfSqs","aov.tab.MeanSqs","aov.tab.F.Model","aov.tab.R2","aov.tab.Pr..F."
"intdist$clim",4,26.1063933480954,6.52659833702386,63.5418838571436,0.586764968840756,0.001
"Residuals",179,18.3856856519046,0.102713327664271,NA,0.413235031159244,NA
"Total",183,44.492079,NA,NA,1,NA
